Code,food_name,gi,gi_category,gi_source
A001,"Amaranth seed, black (Amaranthus cruentus)",50,low,"estimated (food-group based, ICFT aligned)"
A002,"Amaranth seed, pale brown (Amaranthus cruentus)",50,low,"estimated (food-group based, ICFT aligned)"
A003,Bajra (Pennisetum typhoideum),50,low,"estimated (food-group based, ICFT aligned)"
A004,Barley (Hordeum vulgare),50,low,"estimated (food-group based, ICFT aligned)"
A005,Jowar (Sorghum vulgare),50,low,"estimated (food-group based, ICFT aligned)"
A006,"Maize, dry (Zea mays)",50,low,"estimated (food-group based, ICFT aligned)"
A007,"Maize, tender, local (Zea mays)",50,low,"estimated (food-group based, ICFT aligned)"
A008,"Maize, tender, sweet (Zea mays)",50,low,"estimated (food-group based, ICFT aligned)"
A009,Quinoa (Chenopodium quinoa),50,low,"estimated (food-group based, ICFT aligned)"
A010,Ragi (Eleusine coracana),50,low,"estimated (food-group based, ICFT aligned)"
A011,Rice flakes (Oryza sativa ),50,low,"estimated (food-group based, ICFT aligned)"
A012,Rice puffed (Oryza sativa ),50,low,"estimated (food-group based, ICFT aligned)"
A013,"Rice, raw, brown (Oryza sativa )",50,low,"estimated (food-group based, ICFT aligned)"
A014,"Rice, parboiled, milled  (Oryza sativa )",50,low,"estimated (food-group based, ICFT aligned)"
A015,"Rice, raw, milled  (Oryza sativa )",50,low,"estimated (food-group based, ICFT aligned)"
A016,Samai (Panicum miliare),50,low,"estimated (food-group based, ICFT aligned)"
A017,Varagu (Paspalum scrobiculatum),50,low,"estimated (food-group based, ICFT aligned)"
A018,"Wheat flour, refined (Triticum aestivum)",50,low,"estimated (food-group based, ICFT aligned)"
A019,"Wheat flour, atta (Triticum aestivum)",50,low,"estimated (food-group based, ICFT aligned)"
A020,"Wheat, whole (Triticum aestivum)",50,low,"estimated (food-group based, ICFT aligned)"
A021,"Wheat, bulgur (Triticum aestivum)",50,low,"estimated (food-group based, ICFT aligned)"
A022,"Wheat, semolina (Triticum aestivum)",50,low,"estimated (food-group based, ICFT aligned)"
A023,"Wheat, vermicelli (Triticum aestivum)",50,low,"estimated (food-group based, ICFT aligned)"
A024,"Wheat, vermicelli, roasted (Triticum aestivum)",50,low,"estimated (food-group based, ICFT aligned)"
B001,"Bengal gram, dal (Cicer arietinum)",50,low,"estimated (food-group based, ICFT aligned)"
B002,"Bengal gram, whole (Cicer arietinum)",50,low,"estimated (food-group based, ICFT aligned)"
B003,"Black gram, dal (Phaseolus mungo)",50,low,"estimated (food-group based, ICFT aligned)"
B004,"Black gram, whole (Phaseolus mungo)",50,low,"estimated (food-group based, ICFT aligned)"
B005,"Cowpea, brown (Vigna catjang)",50,low,"estimated (food-group based, ICFT aligned)"
B006,"Cowpea, white (Vigna catjang)",50,low,"estimated (food-group based, ICFT aligned)"
B007,"Field bean, black (Phaseolus vulgaris)",50,low,"estimated (food-group based, ICFT aligned)"
B008,"Field bean, brown (Phaseolus vulgaris)",50,low,"estimated (food-group based, ICFT aligned)"
B009,"Field bean,  white (Phaseolus vulgaris)",50,low,"estimated (food-group based, ICFT aligned)"
B010,"Green gram, dal (Vigna radiata)",50,low,"estimated (food-group based, ICFT aligned)"
B011,"Green gram, whole (Vigna radiata)",50,low,"estimated (food-group based, ICFT aligned)"
B012,"Horse gram, whole (Dolichos biflorus)",50,low,"estimated (food-group based, ICFT aligned)"
B013,Lentil dal (Lens culinaris),50,low,"estimated (food-group based, ICFT aligned)"
B014,"Lentil whole, brown (Lens culinaris)",50,low,"estimated (food-group based, ICFT aligned)"
B015,"Lentil whole, yellowish (Lens culinaris)",50,low,"estimated (food-group based, ICFT aligned)"
B016,Moth bean (Vigna aconitifolia),50,low,"estimated (food-group based, ICFT aligned)"
B017,"Peas, dry (Pisum sativum)",50,low,"estimated (food-group based, ICFT aligned)"
B018,"Rajmah, black (Phaseolus vulgaris)",50,low,"estimated (food-group based, ICFT aligned)"
B019,"Rajmah, brown (Phaseolus vulgaris)",50,low,"estimated (food-group based, ICFT aligned)"
B020,"Rajmah, red (Phaseolus vulgaris)",50,low,"estimated (food-group based, ICFT aligned)"
B021,"Red gram, dal (Cajanus cajan)",50,low,"estimated (food-group based, ICFT aligned)"
B022,"Red gram, whole (Cajanus cajan)",50,low,"estimated (food-group based, ICFT aligned)"
B023,Ricebean (Vigna umbellata ),50,low,"estimated (food-group based, ICFT aligned)"
B024,"Soybean, brown (Glycine max)",50,low,"estimated (food-group based, ICFT aligned)"
B025,"Soybean, white (Glycine max)",50,low,"estimated (food-group based, ICFT aligned)"
C001,Agathi leaves (Sesbania grandiflora),50,low,"estimated (food-group based, ICFT aligned)"
C002,"Amaranth leaves, green (Amaranthus gangeticus)",50,low,"estimated (food-group based, ICFT aligned)"
C003,"Amaranth leaves, red (Amaranthus gangeticus)",50,low,"estimated (food-group based, ICFT aligned)"
C004,"Amaranth leaves, red and green mix (Amaranthus gangeticus)",50,low,"estimated (food-group based, ICFT aligned)"
C005,"Amaranth spined, leaves, green (Amaranthus spinosus)",50,low,"estimated (food-group based, ICFT aligned)"
C006,"Amaranth spined, leaves, red and green mix (Amaranthus spinosus)",50,low,"estimated (food-group based, ICFT aligned)"
C007,Basella leaves (Basella alba),50,low,"estimated (food-group based, ICFT aligned)"
C008,Bathua leaves (Chenopodium album),50,low,"estimated (food-group based, ICFT aligned)"
C009,Beet greens (Beta vulgaris),50,low,"estimated (food-group based, ICFT aligned)"
C010,"Betel leaves, big (Kolkata) (Piper betle)",50,low,"estimated (food-group based, ICFT aligned)"
C011,"Betel leaves, small (Piper betle)",50,low,"estimated (food-group based, ICFT aligned)"
C012,Brussels sprouts (Brassica oleracea var.gemmifera),50,low,"estimated (food-group based, ICFT aligned)"
C013,"Cabbage, Chinese (Brassica rupa)",50,low,"estimated (food-group based, ICFT aligned)"
C014,"Cabbage, collard greens (Brassica oleracea var.viridis)",50,low,"estimated (food-group based, ICFT aligned)"
C015,"Cabbage, green (Brassica oleracea var. capitata f. alba)",50,low,"estimated (food-group based, ICFT aligned)"
C016,"Cabbage, violet (Brassica oleracea var. capitata f. rubra)",50,low,"estimated (food-group based, ICFT aligned)"
C017,Cauliflower leaves (Brassica oleracea var. botrytis),50,low,"estimated (food-group based, ICFT aligned)"
C018,"Colocasia leaves, green (Colocasia esculenta)",50,low,"estimated (food-group based, ICFT aligned)"
C019,Drumstick leaves (Moringa oleifera),50,low,"estimated (food-group based, ICFT aligned)"
C020,Fenugreek leaves (Trigonella foenum graecum),50,low,"estimated (food-group based, ICFT aligned)"
C021,Garden cress (Lepidium sativum),50,low,"estimated (food-group based, ICFT aligned)"
C022,"Gogu leaves, green (Hibiscus cannabinus)",50,low,"estimated (food-group based, ICFT aligned)"
C023,"Gogu leaves, red (Hibiscus cannabinus)",50,low,"estimated (food-group based, ICFT aligned)"
C024,"Knol-Khol, leaves (Brassica oleracea var.gongylodes)",50,low,"estimated (food-group based, ICFT aligned)"
C025,Lettuce (Lactuca sativa),50,low,"estimated (food-group based, ICFT aligned)"
C026,Mustard leaves (Brassica juncea),50,low,"estimated (food-group based, ICFT aligned)"
C027,Pak Choi leaves (Brassica rapa var. chinensis),50,low,"estimated (food-group based, ICFT aligned)"
C028,Parsley (Petroselinum crispum),50,low,"estimated (food-group based, ICFT aligned)"
C029,Ponnaganni (Alternanthera sessilis),50,low,"estimated (food-group based, ICFT aligned)"
C030,"Pumpkin leaves, tender (Cucurbita maxima)",50,low,"estimated (food-group based, ICFT aligned)"
C031,Radish leaves (Raphanus sativus),50,low,"estimated (food-group based, ICFT aligned)"
C032,Rumex leaves (Rumex patientia),50,low,"estimated (food-group based, ICFT aligned)"
C033,Spinach (Spinacia oleracea),50,low,"estimated (food-group based, ICFT aligned)"
C034,"Tamarind leaves, tender (Tamarindus indica)",50,low,"estimated (food-group based, ICFT aligned)"
D001,Ash gourd (Benincasa hispida),50,low,"estimated (food-group based, ICFT aligned)"
D002,"Bamboo shoot, tender (Bambusa vulgaris)",50,low,"estimated (food-group based, ICFT aligned)"
D003,"Bean scarlet, tender (Phaseolus coccineus)",50,low,"estimated (food-group based, ICFT aligned)"
D004,"Bitter gourd, jagged, teeth ridges, elongate (Momordica charantia)",50,low,"estimated (food-group based, ICFT aligned)"
D005,"Bitter gourd, jagged, teeth ridges, short (Momordica charantia)",50,low,"estimated (food-group based, ICFT aligned)"
D006,"Bitter gourd, jagged, smooth ridges, elongate (Momordica charantia)",50,low,"estimated (food-group based, ICFT aligned)"
D007,"Bottle gourd, elongate, pale green (Lagenaria vulgaris)",50,low,"estimated (food-group based, ICFT aligned)"
D008,"Bottle gourd, round, pale green (Lagenaria vulgaris)",50,low,"estimated (food-group based, ICFT aligned)"
D009,"Bottle gourd, elongate, dark green (Lagenaria vulgaris)",50,low,"estimated (food-group based, ICFT aligned)"
D010,Brinjal-1 (Solanum melongena),50,low,"estimated (food-group based, ICFT aligned)"
D011,Brinjal-2 (Solanum melongena),50,low,"estimated (food-group based, ICFT aligned)"
D012,Brinjal-3 (Solanum melongena),50,low,"estimated (food-group based, ICFT aligned)"
D013,Brinjal-4 (Solanum melongena),50,low,"estimated (food-group based, ICFT aligned)"
D014,Brinjal-5 (Solanum melongena),50,low,"estimated (food-group based, ICFT aligned)"
D015,Brinjal-6 (Solanum melongena),50,low,"estimated (food-group based, ICFT aligned)"
D016,Brinjal-7 (Solanum melongena),50,low,"estimated (food-group based, ICFT aligned)"
D017,Brinjal-8 (Solanum melongena),50,low,"estimated (food-group based, ICFT aligned)"
D018,Brinjal-9 (Solanum melongena),50,low,"estimated (food-group based, ICFT aligned)"
D019,Brinjal-10 (Solanum melongena),50,low,"estimated (food-group based, ICFT aligned)"
D020,Brinjal-11 (Solanum melongena),50,low,"estimated (food-group based, ICFT aligned)"
D021,Brinjal-12 (Solanum melongena),50,low,"estimated (food-group based, ICFT aligned)"
D022,Brinjal-13 (Solanum melongena),50,low,"estimated (food-group based, ICFT aligned)"
D023,Brinjal-14 (Solanum melongena),50,low,"estimated (food-group based, ICFT aligned)"
D024,Brinjal-15 (Solanum melongena),50,low,"estimated (food-group based, ICFT aligned)"
D025,Brinjal-16 (Solanum melongena),50,low,"estimated (food-group based, ICFT aligned)"
D026,Brinjal-17 (Solanum melongena),50,low,"estimated (food-group based, ICFT aligned)"
D027,Brinjal-18 (Solanum melongena),50,low,"estimated (food-group based, ICFT aligned)"
D028,Brinjal-19 (Solanum melongena),50,low,"estimated (food-group based, ICFT aligned)"
D029,Brinjal-20 (Solanum melongena),50,low,"estimated (food-group based, ICFT aligned)"
D030,Brinjal-21 (Solanum melongena),50,low,"estimated (food-group based, ICFT aligned)"
D031,Brinjal - all varieties (Solanum melongena),50,low,"estimated (food-group based, ICFT aligned)"
D032,Broad beans (Vicia faba),50,low,"estimated (food-group based, ICFT aligned)"
D033,"Capsicum, green (Capsicum annuum)",50,low,"estimated (food-group based, ICFT aligned)"
D034,"Capsicum, red (Capsicum annuum)",50,low,"estimated (food-group based, ICFT aligned)"
D035,"Capsicum, yellow (Capsicum annuum)",50,low,"estimated (food-group based, ICFT aligned)"
D036,Cauliflower (Brassica oleracea var. botrytis),50,low,"estimated (food-group based, ICFT aligned)"
D037,Celery stalk (Apium graveolens),50,low,"estimated (food-group based, ICFT aligned)"
D038,Cho-cho-marrow (Sechium edule),50,low,"estimated (food-group based, ICFT aligned)"
D039,Cluster beans (Cyamopsis tetragonoloba),50,low,"estimated (food-group based, ICFT aligned)"
D040,"Colocasia, stem, black (Colocasia esculenta)",50,low,"estimated (food-group based, ICFT aligned)"
D041,"Colocasia, stem, green (Colocasia esculenta)",50,low,"estimated (food-group based, ICFT aligned)"
D042,"Corn, baby (Zea mays)",50,low,"estimated (food-group based, ICFT aligned)"
D043,"Cucumber, green, elongate (Cucumis sativus)",50,low,"estimated (food-group based, ICFT aligned)"
D044,"Cucumber, green, short (Cucumis sativus)",50,low,"estimated (food-group based, ICFT aligned)"
D045,"Cucumber, orange, round (Cucumis sativus)",50,low,"estimated (food-group based, ICFT aligned)"
D046,Drumstick (Moringa oleifera),50,low,"estimated (food-group based, ICFT aligned)"
D047,"Field beans, tender, broad (Vicia faba)",50,low,"estimated (food-group based, ICFT aligned)"
D048,"Field beans, tender, lean (Vicia faba)",50,low,"estimated (food-group based, ICFT aligned)"
D049,"French beans, country (Phaseolus vulgaris)",50,low,"estimated (food-group based, ICFT aligned)"
D050,"French beans, hybrid  (Phaseolus vulgaris)",50,low,"estimated (food-group based, ICFT aligned)"
D051,"Jack fruit, raw (Artocarpus heterophyllus)",50,low,"estimated (food-group based, ICFT aligned)"
D052,"Jack fruit, seed, mature (Artocarpus heterophyllus)",50,low,"estimated (food-group based, ICFT aligned)"
D053,Knol - Khol (Brassica oleracea),50,low,"estimated (food-group based, ICFT aligned)"
D054,"Kovai, big (Coccinia cordifolia)",50,low,"estimated (food-group based, ICFT aligned)"
D055,"Kovai, small (Coccinia cordifolia)",50,low,"estimated (food-group based, ICFT aligned)"
D056,Ladies finger (Abelmoschus esculentus),50,low,"estimated (food-group based, ICFT aligned)"
D057,"Mango, green, raw (Mangifera indica)",50,low,"estimated (food-group based, ICFT aligned)"
D058,"Onion, stalk (Allium cepa)",50,low,"estimated (food-group based, ICFT aligned)"
D059,"Papaya, raw (Carica papaya)",50,low,"estimated (food-group based, ICFT aligned)"
D060,Parwar (Trichosanthes dioica),50,low,"estimated (food-group based, ICFT aligned)"
D061,"Peas, fresh (Pisum sativum)",50,low,"estimated (food-group based, ICFT aligned)"
D062,"Plantain, flower (Musa x paradisiaca)",50,low,"estimated (food-group based, ICFT aligned)"
D063,"Plantain, green (Musa x paradisiaca)",50,low,"estimated (food-group based, ICFT aligned)"
D064,"Plantain, stem (Musa x paradisiaca)",50,low,"estimated (food-group based, ICFT aligned)"
D065,"Pumpkin, green, cylindrical (Cucurbita maxima)",50,low,"estimated (food-group based, ICFT aligned)"
D066,"Pumpkin, orange,  round (Cucurbita maxima)",50,low,"estimated (food-group based, ICFT aligned)"
D067,"Red gram, tender, fresh (Cajanus cajan)",50,low,"estimated (food-group based, ICFT aligned)"
D068,Ridge gourd (Luffa acutangula),50,low,"estimated (food-group based, ICFT aligned)"
D069,"Ridge gourd, smooth skin (Luffa acutangula)",50,low,"estimated (food-group based, ICFT aligned)"
D070,"Snake gourd, long, pale green (Trichosanthes anguina)",50,low,"estimated (food-group based, ICFT aligned)"
D071,"Snake gourd, long, dark green (Trichosanthes anguina)",50,low,"estimated (food-group based, ICFT aligned)"
D072,"Snake gourd, short (Trichosanthes anguina)",50,low,"estimated (food-group based, ICFT aligned)"
D073,"Tinda, tender (Praecitrullus fistulosus)",50,low,"estimated (food-group based, ICFT aligned)"
D074,"Tomato, green (Solanum lycopersicum)",50,low,"estimated (food-group based, ICFT aligned)"
D075,"Tomato, ripe, hybrid ((Solanum lycopersicum)",50,low,"estimated (food-group based, ICFT aligned)"
D076,"Tomato, ripe, local (Lycopersicon esculentum)",50,low,"estimated (food-group based, ICFT aligned)"
D077,"Zucchini, green (Cucurbita pepo)",50,low,"estimated (food-group based, ICFT aligned)"
D078,"Zucchini, yellow  (Cucurbita pepo)",50,low,"estimated (food-group based, ICFT aligned)"
E001,"Apple, big (Malus domestica)",50,low,"estimated (food-group based, ICFT aligned)"
E002,"Apple, green (Malus domestica)",50,low,"estimated (food-group based, ICFT aligned)"
E003,"Apple, small (Malus domestica)",50,low,"estimated (food-group based, ICFT aligned)"
E004,"Apple, small, Kashmir (Malus domestica)",50,low,"estimated (food-group based, ICFT aligned)"
E005,"Apricot, dried (Prunus armeniaca)",50,low,"estimated (food-group based, ICFT aligned)"
E006,"Apricot, processed (Prunus armeniaca)",50,low,"estimated (food-group based, ICFT aligned)"
E007,Avocado fruit (Persea sp.),50,low,"estimated (food-group based, ICFT aligned)"
E008,Bael fruit (Aegle marmelos),50,low,"estimated (food-group based, ICFT aligned)"
E009,"Banana, ripe, montham (Musa x paradisiaca)",50,low,"estimated (food-group based, ICFT aligned)"
E010,"Banana, ripe, poovam (Musa x paradisiaca)",50,low,"estimated (food-group based, ICFT aligned)"
E011,"Banana, ripe, red (Musa x paradisiaca)",50,low,"estimated (food-group based, ICFT aligned)"
E012,"Banana, ripe, robusta (Musa x paradisiaca)",50,low,"estimated (food-group based, ICFT aligned)"
E013,Black berry (Rubus sp.),50,low,"estimated (food-group based, ICFT aligned)"
E014,"Cherries, red (Prunus cerasus)",50,low,"estimated (food-group based, ICFT aligned)"
E015,"Currants, black (Ribes nigrum)",50,low,"estimated (food-group based, ICFT aligned)"
E016,Custard apple (Annona squamosa),50,low,"estimated (food-group based, ICFT aligned)"
E017,"Dates, dry, pale brown (Phoenix dactylifera)",50,low,"estimated (food-group based, ICFT aligned)"
E018,"Dates, dry, dark brown (Phoenix dactylifera)",50,low,"estimated (food-group based, ICFT aligned)"
E019,"Dates, processed (Phoenix dactylifera)",50,low,"estimated (food-group based, ICFT aligned)"
E020,Fig (Ficus carica),50,low,"estimated (food-group based, ICFT aligned)"
E021,Gooseberry (Emblica officinalis),50,low,"estimated (food-group based, ICFT aligned)"
E022,"Grapes, seeded, round, black (Vitis vinifera)",50,low,"estimated (food-group based, ICFT aligned)"
E023,"Grapes, seeded, round, green (Vitis vinifera)",50,low,"estimated (food-group based, ICFT aligned)"
E024,"Grapes, seeded, round, red (Vitis vinifera)",50,low,"estimated (food-group based, ICFT aligned)"
E025,"Grapes, seedless, oval, black (Vitis vinifera)",50,low,"estimated (food-group based, ICFT aligned)"
E026,"Grapes, seedless, round, green (Vitis vinifera)",50,low,"estimated (food-group based, ICFT aligned)"
E027,"Grapes, seedless, round, black (Vitis vinifera)",50,low,"estimated (food-group based, ICFT aligned)"
E028,"Guava, white flesh (Psidium guajava)",50,low,"estimated (food-group based, ICFT aligned)"
E029,"Guava, pink flesh (Psidium guajava)",50,low,"estimated (food-group based, ICFT aligned)"
E030,"Jack fruit, ripe (Artocarpus heterophyllus)",50,low,"estimated (food-group based, ICFT aligned)"
E031,"Jambu fruit, ripe (Syzygium samarangense)",50,low,"estimated (food-group based, ICFT aligned)"
E032,Karonda fruit (Carissa carandas),50,low,"estimated (food-group based, ICFT aligned)"
E033,"Lemon, juice (Citrus limon)",50,low,"estimated (food-group based, ICFT aligned)"
E034,"Lime, sweet,pulp (Citrus limetta)",50,low,"estimated (food-group based, ICFT aligned)"
E035,Litchi (Litchi chinensis),50,low,"estimated (food-group based, ICFT aligned)"
E036,"Mango, ripe, banganapalli (Mangifera indica)",50,low,"estimated (food-group based, ICFT aligned)"
E037,"Mango, ripe, gulabkhas (Mangifera indica)",50,low,"estimated (food-group based, ICFT aligned)"
E038,"Mango, ripe, himsagar (Mangifera indica)",50,low,"estimated (food-group based, ICFT aligned)"
E039,"Mango, ripe, kesar (Mangifera indica)",50,low,"estimated (food-group based, ICFT aligned)"
E040,"Mango, ripe, neelam (Mangifera indica)",50,low,"estimated (food-group based, ICFT aligned)"
E041,"Mango, ripe, paheri (Mangifera indica)",50,low,"estimated (food-group based, ICFT aligned)"
E042,"Mango, ripe, totapari (Mangifera indica)",50,low,"estimated (food-group based, ICFT aligned)"
E043,Mangosteen (Garcinia mangostana),50,low,"estimated (food-group based, ICFT aligned)"
E044,Manila tamarind (Pithecellobium dulce),50,low,"estimated (food-group based, ICFT aligned)"
E045,"Musk melon, orange flesh (Cucumis melon)",50,low,"estimated (food-group based, ICFT aligned)"
E046,"Musk melon, yellow flesh (Cucumis melon)",50,low,"estimated (food-group based, ICFT aligned)"
E047,"Orange, pulp (Citrus aurantium)",50,low,"estimated (food-group based, ICFT aligned)"
E048,"Palm fruit, tender (Borassus flabellifer)",50,low,"estimated (food-group based, ICFT aligned)"
E049,"Papaya, ripe (Carica papaya)",50,low,"estimated (food-group based, ICFT aligned)"
E050,Peach (Prunus communis),50,low,"estimated (food-group based, ICFT aligned)"
E051,Pear (Pyrus sp.),50,low,"estimated (food-group based, ICFT aligned)"
E052,Phalsa (Grewia asiatica),50,low,"estimated (food-group based, ICFT aligned)"
E053,Pineapple  (Ananas comosus),50,low,"estimated (food-group based, ICFT aligned)"
E054,Plum (Prunus domestica),50,low,"estimated (food-group based, ICFT aligned)"
E055,"Pomegranate, maroon seeds (Punica granatum)",50,low,"estimated (food-group based, ICFT aligned)"
E056,Pummelo (Citrus maxima),50,low,"estimated (food-group based, ICFT aligned)"
E057,"Raisins, dried, black (Vitis vinifera)",50,low,"estimated (food-group based, ICFT aligned)"
E058,"Raisins, dried, golden (Vitis vinifera)",50,low,"estimated (food-group based, ICFT aligned)"
E059,Rambutan (Nephelium lappaceum),50,low,"estimated (food-group based, ICFT aligned)"
E060,Sapota (Achras sapota),50,low,"estimated (food-group based, ICFT aligned)"
E061,Soursop (Annona muricata),50,low,"estimated (food-group based, ICFT aligned)"
E062,Star fruit (Averrhoa carambola),50,low,"estimated (food-group based, ICFT aligned)"
E063,Strawberry (Fragaria x ananassa),50,low,"estimated (food-group based, ICFT aligned)"
E064,"Tamarind, pulp (Tamarindus indica)",50,low,"estimated (food-group based, ICFT aligned)"
E065,"Water melon, dark green (sugar baby) (Citrullus vulgaris)",50,low,"estimated (food-group based, ICFT aligned)"
E066,"Water melon, pale green (Citrullus vulgaris)",50,low,"estimated (food-group based, ICFT aligned)"
E067,Wood Apple (Limonia acidissima),50,low,"estimated (food-group based, ICFT aligned)"
E068,Zizyphus (Zizyphus jujube),50,low,"estimated (food-group based, ICFT aligned)"
F001,Beet root (Beta vulgaris),50,low,"estimated (food-group based, ICFT aligned)"
F002,"Carrot, orange (Daucus carota)",50,low,"estimated (food-group based, ICFT aligned)"
F003,"Carrot, red (Daucus carota)",50,low,"estimated (food-group based, ICFT aligned)"
F004,Colocasia (Colocasia esculenta),50,low,"estimated (food-group based, ICFT aligned)"
F005,Lotus root (Nelumbium nelumbo),50,low,"estimated (food-group based, ICFT aligned)"
F006,"Potato, brown skin, big (Solanum tuberosum)",50,low,"estimated (food-group based, ICFT aligned)"
F007,"Potato, brown skin, small (Solanum tuberosum)",50,low,"estimated (food-group based, ICFT aligned)"
F008,"Potato, red skin (Solanum tuberosum)",50,low,"estimated (food-group based, ICFT aligned)"
F009,"Radish, elongate, red skin (Raphanus sativus)",50,low,"estimated (food-group based, ICFT aligned)"
F010,"Radish, elongate, white skin (Raphanus sativus)",50,low,"estimated (food-group based, ICFT aligned)"
F011,"Radish, round, red skin (Raphanus sativus)",50,low,"estimated (food-group based, ICFT aligned)"
F012,"Radish, round, white skin (Raphanus sativus)",50,low,"estimated (food-group based, ICFT aligned)"
F013,"Sweet potato, brown skin (Ipomoea batatas)",50,low,"estimated (food-group based, ICFT aligned)"
F014,"Sweet potato, pink skin (Ipomoea batatas)",50,low,"estimated (food-group based, ICFT aligned)"
F015,Tapioca (Manihot esculenta),50,low,"estimated (food-group based, ICFT aligned)"
F016,Water Chestnut (Eleocharis dulcis),50,low,"estimated (food-group based, ICFT aligned)"
F017,"Yam, elephant (Amorphophallus campanulatus)",50,low,"estimated (food-group based, ICFT aligned)"
F018,"Yam, ordinary (Amorphophallus sp.)",50,low,"estimated (food-group based, ICFT aligned)"
F019,"Yam, wild (Dioscorea villosa)",50,low,"estimated (food-group based, ICFT aligned)"
G001,"Chillies, green-1 (Capsicum annum)",50,low,"estimated (food-group based, ICFT aligned)"
G002,"Chillies, green-2 (Capsicum annum)",50,low,"estimated (food-group based, ICFT aligned)"
G003,"Chillies, green-3 (Capsicum annum)",50,low,"estimated (food-group based, ICFT aligned)"
G004,"Chillies, green-4 (Capsicum annum)",50,low,"estimated (food-group based, ICFT aligned)"
G005,"Chillies, green-5 (Capsicum annum)",50,low,"estimated (food-group based, ICFT aligned)"
G006,"Chillies, green-6 (Capsicum annum)",50,low,"estimated (food-group based, ICFT aligned)"
G007,"Chillies, green-7 (Capsicum annum)",50,low,"estimated (food-group based, ICFT aligned)"
G008,"Chillies, green - all varieties (Capsicum annum)",50,low,"estimated (food-group based, ICFT aligned)"
G009,Coriander leaves (Coriandrum sativum),50,low,"estimated (food-group based, ICFT aligned)"
G010,Curry leaves (Murraya koenigii),50,low,"estimated (food-group based, ICFT aligned)"
G011,"Garlic, big clove (Allium sativum)",50,low,"estimated (food-group based, ICFT aligned)"
G012,"Garlic, small clove (Allium sativum)",50,low,"estimated (food-group based, ICFT aligned)"
G013,"Garlic, single clove, Kashmir (Allium sativum)",50,low,"estimated (food-group based, ICFT aligned)"
G014,"Ginger, fresh (Zingiber officinale)",50,low,"estimated (food-group based, ICFT aligned)"
G015,Mango ginger (Curcuma amada),50,low,"estimated (food-group based, ICFT aligned)"
G016,Mint leaves (Mentha spicata ),50,low,"estimated (food-group based, ICFT aligned)"
G017,"Onion, big (Allium cepa)",50,low,"estimated (food-group based, ICFT aligned)"
G018,"Onion, small (Allium cepa)",50,low,"estimated (food-group based, ICFT aligned)"
G019,Asafoetida (Ferula assa-foetida),50,low,"estimated (food-group based, ICFT aligned)"
G020,"Cardamom, green (Elettaria cardamomum)",50,low,"estimated (food-group based, ICFT aligned)"
G021,"Cardamom, black (Elettaria cardamomum)",50,low,"estimated (food-group based, ICFT aligned)"
G022,"Chillies, red (Capsicum annum)",50,low,"estimated (food-group based, ICFT aligned)"
G023,Cloves (Syzygium aromaticum),50,low,"estimated (food-group based, ICFT aligned)"
G024,Coriander seeds (Coriandrum sativum),50,low,"estimated (food-group based, ICFT aligned)"
G025,Cumin seeds (Cuminum cyminum),50,low,"estimated (food-group based, ICFT aligned)"
G026,Fenugreek seeds (Trigonella foenum graecum),50,low,"estimated (food-group based, ICFT aligned)"
G027,Mace (Myristica fragrans),50,low,"estimated (food-group based, ICFT aligned)"
G028,Nutmeg (Myristica fragrans),50,low,"estimated (food-group based, ICFT aligned)"
G029,Omum (Trachyspermum ammi),50,low,"estimated (food-group based, ICFT aligned)"
G030,Pippali (Piper longum),50,low,"estimated (food-group based, ICFT aligned)"
G031,"Pepper, black (Piper nigrum)",50,low,"estimated (food-group based, ICFT aligned)"
G032,Poppy seeds (Papaver somniferum),50,low,"estimated (food-group based, ICFT aligned)"
G033,Turmeric powder (Curcuma domestica),50,low,"estimated (food-group based, ICFT aligned)"
H001,Almond (Prunus amygdalus),50,low,"estimated (food-group based, ICFT aligned)"
H002,"Arecanut, dried, brown (Areca catechu)",50,low,"estimated (food-group based, ICFT aligned)"
H003,"Arecanut, dried, red color (Areca catechu)",50,low,"estimated (food-group based, ICFT aligned)"
H004,"Arecanut, fresh (Areca catechu)",50,low,"estimated (food-group based, ICFT aligned)"
H005,Cashew nut (Anacardium occidentale),50,low,"estimated (food-group based, ICFT aligned)"
H006,"Coconut, kernel, dry (Cocos nucifera)",50,low,"estimated (food-group based, ICFT aligned)"
H007,"Coconut, kernel, fresh (Cocos nucifera)",50,low,"estimated (food-group based, ICFT aligned)"
H008,"Garden cress, seeds (Lepidium sativum)",50,low,"estimated (food-group based, ICFT aligned)"
H009,"Gingelly seeds, black (Sesamum indicum)",50,low,"estimated (food-group based, ICFT aligned)"
H010,"Gingelly seeds, brown (Sesamum indicum)",50,low,"estimated (food-group based, ICFT aligned)"
H011,"Gingelly seeds, white (Sesamum indicum)",50,low,"estimated (food-group based, ICFT aligned)"
H012,Ground nut (Arachis hypogaea),50,low,"estimated (food-group based, ICFT aligned)"
H013,Mustard seeds (Brassica nigra),50,low,"estimated (food-group based, ICFT aligned)"
H014,Linseeds (Linum usitatissimum),50,low,"estimated (food-group based, ICFT aligned)"
H015,"Niger seeds, black (Guizotia abyssinica)",50,low,"estimated (food-group based, ICFT aligned)"
H016,"Niger seeds, gray (Guizotia abyssinica)",50,low,"estimated (food-group based, ICFT aligned)"
H017,Pine seed (Pinus sp.),50,low,"estimated (food-group based, ICFT aligned)"
H018,Pistachio nuts (Pistacia vera),50,low,"estimated (food-group based, ICFT aligned)"
H019,Safflower seeds (Carthamus tinctorius),50,low,"estimated (food-group based, ICFT aligned)"
H020,Sunflower seeds (Helianthus annuus),50,low,"estimated (food-group based, ICFT aligned)"
H021,Walnut (Juglans regia),50,low,"estimated (food-group based, ICFT aligned)"
I001,"Jaggery, cane (Saccharum officinarum)",50,low,"estimated (food-group based, ICFT aligned)"
I002,"Sugarcane, juice (Saccharum officinarum)",50,low,"estimated (food-group based, ICFT aligned)"
J001,"Button mushroom, fresh (Agaricus sp.)",50,low,"estimated (food-group based, ICFT aligned)"
J002,"Chicken mushroom, fresh (Lactiporus sp.)",50,low,"estimated (food-group based, ICFT aligned)"
J003,"Shiitake mushroom, fresh (Lentinula sp.)",50,low,"estimated (food-group based, ICFT aligned)"
J004,"Oyster mushroom, dried (Pleurotus sp.)",50,low,"estimated (food-group based, ICFT aligned)"
K001,Toddy (Borassus flabellifer),50,low,"estimated (food-group based, ICFT aligned)"
K002,Coconut Water (Cocos nucifera),50,low,"estimated (food-group based, ICFT aligned)"
L001,"Milk, whole, Buffalo",50,low,"estimated (food-group based, ICFT aligned)"
L002,"Milk, whole, Cow",50,low,"estimated (food-group based, ICFT aligned)"
L003,Paneer,50,low,"estimated (food-group based, ICFT aligned)"
L004,Khoa,50,low,"estimated (food-group based, ICFT aligned)"
M001,"Egg, poultry, whole, raw",50,low,"estimated (food-group based, ICFT aligned)"
M002,"Egg, poultry, white, raw",50,low,"estimated (food-group based, ICFT aligned)"
M003,"Egg, poultry, yolk, raw",50,low,"estimated (food-group based, ICFT aligned)"
M004,"Egg, poultry, whole, boiled",50,low,"estimated (food-group based, ICFT aligned)"
M005,"Egg, poultry, white, boiled",50,low,"estimated (food-group based, ICFT aligned)"
M006,"Egg, poultry, yolk, boiled",50,low,"estimated (food-group based, ICFT aligned)"
M007,"Egg, poultry, omlet",50,low,"estimated (food-group based, ICFT aligned)"
M008,"Egg, country hen, whole, raw",50,low,"estimated (food-group based, ICFT aligned)"
M009,"Egg, country hen, whole, boiled",50,low,"estimated (food-group based, ICFT aligned)"
M010,"Egg, country hen, omlet",50,low,"estimated (food-group based, ICFT aligned)"
M011,"Egg, duck, whole, boiled",50,low,"estimated (food-group based, ICFT aligned)"
M012,"Egg, duck, whole, raw",50,low,"estimated (food-group based, ICFT aligned)"
M013,"Egg, duck, whole, omlet",50,low,"estimated (food-group based, ICFT aligned)"
M014,"Egg, quial, whole, raw",50,low,"estimated (food-group based, ICFT aligned)"
M015,"Egg, quial, whole, boiled",50,low,"estimated (food-group based, ICFT aligned)"
N001,"Chicken, poultry, leg, skinless",50,low,"estimated (food-group based, ICFT aligned)"
N002,"Chicken, poultry, thigh, skinless",50,low,"estimated (food-group based, ICFT aligned)"
N003,"Chicken, poultry, breast, skinless",50,low,"estimated (food-group based, ICFT aligned)"
N004,"Chicken, poultry, wing, skinless",50,low,"estimated (food-group based, ICFT aligned)"
N005,"Poultry, chicken, liver",50,low,"estimated (food-group based, ICFT aligned)"
N006,"Poultry, chicken, gizzard",50,low,"estimated (food-group based, ICFT aligned)"
N007,"Country hen, leg, with skin",50,low,"estimated (food-group based, ICFT aligned)"
N008,"Country hen, thigh, with skin",50,low,"estimated (food-group based, ICFT aligned)"
N009,"Country hen, breast, with skin",50,low,"estimated (food-group based, ICFT aligned)"
N010,"Country hen, wing, with skin",50,low,"estimated (food-group based, ICFT aligned)"
N011,"Duck, meat, with skin",50,low,"estimated (food-group based, ICFT aligned)"
N012,"Emu, meat, skinless",50,low,"estimated (food-group based, ICFT aligned)"
N013,"Guinea fowl, meat, with skin",50,low,"estimated (food-group based, ICFT aligned)"
N014,"Pigeon, meat, with skin",50,low,"estimated (food-group based, ICFT aligned)"
N015,"Quail, meat, skinless",50,low,"estimated (food-group based, ICFT aligned)"
N016,"Turkey, leg, with skin",50,low,"estimated (food-group based, ICFT aligned)"
N017,"Turkey, thigh, with skin",50,low,"estimated (food-group based, ICFT aligned)"
N018,"Turkey, breast, with skin",50,low,"estimated (food-group based, ICFT aligned)"
N019,"Turkey, wing, with skin",50,low,"estimated (food-group based, ICFT aligned)"
O001,"Goat, shoulder",50,low,"estimated (food-group based, ICFT aligned)"
O002,"Goat, chops",50,low,"estimated (food-group based, ICFT aligned)"
O003,"Goat, legs",50,low,"estimated (food-group based, ICFT aligned)"
O004,"Goat, brain",50,low,"estimated (food-group based, ICFT aligned)"
O005,"Goat, tongue",50,low,"estimated (food-group based, ICFT aligned)"
O006,"Goat, lungs",50,low,"estimated (food-group based, ICFT aligned)"
O007,"Goat, heart",50,low,"estimated (food-group based, ICFT aligned)"
O008,"Goat, liver",50,low,"estimated (food-group based, ICFT aligned)"
O009,"Goat, tripe",50,low,"estimated (food-group based, ICFT aligned)"
O010,"Goat, spleen",50,low,"estimated (food-group based, ICFT aligned)"
O011,"Goat, kidneys",50,low,"estimated (food-group based, ICFT aligned)"
O012,"Goat, tube (small intestine)",50,low,"estimated (food-group based, ICFT aligned)"
O013,"Goat, testis",50,low,"estimated (food-group based, ICFT aligned)"
O014,"Sheep, shoulder",50,low,"estimated (food-group based, ICFT aligned)"
O015,"Sheep, chops",50,low,"estimated (food-group based, ICFT aligned)"
O016,"Sheep, leg",50,low,"estimated (food-group based, ICFT aligned)"
O017,"Sheep, brain",50,low,"estimated (food-group based, ICFT aligned)"
O018,"Sheep, tongue",50,low,"estimated (food-group based, ICFT aligned)"
O019,"Sheep, lungs",50,low,"estimated (food-group based, ICFT aligned)"
O020,"Sheep, heart",50,low,"estimated (food-group based, ICFT aligned)"
O021,"Sheep, liver",50,low,"estimated (food-group based, ICFT aligned)"
O022,"Sheep, tripe",50,low,"estimated (food-group based, ICFT aligned)"
O023,"Sheep, spleen",50,low,"estimated (food-group based, ICFT aligned)"
O024,"Sheep, kidneys",50,low,"estimated (food-group based, ICFT aligned)"
O025,"Beef, shoulder",50,low,"estimated (food-group based, ICFT aligned)"
O026,"Beef, chops",50,low,"estimated (food-group based, ICFT aligned)"
O027,"Beef, round (leg)",50,low,"estimated (food-group based, ICFT aligned)"
O028,"Beef, brain",50,low,"estimated (food-group based, ICFT aligned)"
O029,"Beef, tongue",50,low,"estimated (food-group based, ICFT aligned)"
O030,"Beef, lungs",50,low,"estimated (food-group based, ICFT aligned)"
O031,"Beef, heart",50,low,"estimated (food-group based, ICFT aligned)"
O032,"Beef, liver",50,low,"estimated (food-group based, ICFT aligned)"
O033,"Beef, tripe",50,low,"estimated (food-group based, ICFT aligned)"
O034,"Beef, spleen",50,low,"estimated (food-group based, ICFT aligned)"
O035,"Beef, kidneys",50,low,"estimated (food-group based, ICFT aligned)"
O036,"Calf, shoulder",50,low,"estimated (food-group based, ICFT aligned)"
O037,"Calf, chops",50,low,"estimated (food-group based, ICFT aligned)"
O038,"Calf, round (leg)",50,low,"estimated (food-group based, ICFT aligned)"
O039,"Calf, brain",50,low,"estimated (food-group based, ICFT aligned)"
O040,"Calf, tongue",50,low,"estimated (food-group based, ICFT aligned)"
O041,"Calf, heart",50,low,"estimated (food-group based, ICFT aligned)"
O042,"Calf, liver",50,low,"estimated (food-group based, ICFT aligned)"
O043,"Calf, spleen",50,low,"estimated (food-group based, ICFT aligned)"
O044,"Calf, kidneys",50,low,"estimated (food-group based, ICFT aligned)"
O045,"Mithun, shoulder",50,low,"estimated (food-group based, ICFT aligned)"
O046,"Mithun, chops",50,low,"estimated (food-group based, ICFT aligned)"
O047,"Mithun,  round (leg)",50,low,"estimated (food-group based, ICFT aligned)"
O048,"Pork, shoulder",50,low,"estimated (food-group based, ICFT aligned)"
O049,"Pork, chops",50,low,"estimated (food-group based, ICFT aligned)"
O050,"Pork, ham",50,low,"estimated (food-group based, ICFT aligned)"
O051,"Pork, lungs",50,low,"estimated (food-group based, ICFT aligned)"
O052,"Pork, heart",50,low,"estimated (food-group based, ICFT aligned)"
O053,"Pork, liver",50,low,"estimated (food-group based, ICFT aligned)"
O054,"Pork, stomach",50,low,"estimated (food-group based, ICFT aligned)"
O055,"Pork, spleen",50,low,"estimated (food-group based, ICFT aligned)"
O056,"Pork, kidneys",50,low,"estimated (food-group based, ICFT aligned)"
O057,"Pork, tube (small intestine)",50,low,"estimated (food-group based, ICFT aligned)"
O058,"Hare, shoulder",50,low,"estimated (food-group based, ICFT aligned)"
O059,"Hare, chops",50,low,"estimated (food-group based, ICFT aligned)"
O060,"Hare, leg",50,low,"estimated (food-group based, ICFT aligned)"
O061,"Rabbit, shoulder",50,low,"estimated (food-group based, ICFT aligned)"
O062,"Rabbit, chops",50,low,"estimated (food-group based, ICFT aligned)"
O063,"Rabbit,  leg",50,low,"estimated (food-group based, ICFT aligned)"
P001,Allathi (Elops machnata),50,low,"estimated (food-group based, ICFT aligned)"
P002,Aluva (Parastromateus niger),50,low,"estimated (food-group based, ICFT aligned)"
P003,Anchovy (Stolephorus indicus),50,low,"estimated (food-group based, ICFT aligned)"
P004,Ari fish (Aprion virescens ),50,low,"estimated (food-group based, ICFT aligned)"
P005,Betki (Lates calcarifer),50,low,"estimated (food-group based, ICFT aligned)"
P006,Black snapper  (Macolor niger),50,low,"estimated (food-group based, ICFT aligned)"
P007,Bombay duck (Harpadon nehereus),50,low,"estimated (food-group based, ICFT aligned)"
P008,Bommuralu  (Muraenesox cinerius),50,low,"estimated (food-group based, ICFT aligned)"
P009,Cat fish (Tachysurus thalassinus),50,low,"estimated (food-group based, ICFT aligned)"
P010,Chakla (Rachycentron canadum),50,low,"estimated (food-group based, ICFT aligned)"
P011,Chappal (Aluterus monoceros ),50,low,"estimated (food-group based, ICFT aligned)"
P012,Chelu (Elagatis bipinnulata),50,low,"estimated (food-group based, ICFT aligned)"
P013,Chembali  (Lutjanus quinquelineatus),50,low,"estimated (food-group based, ICFT aligned)"
P014,Eri meen (Pristipomoides filamentosus),50,low,"estimated (food-group based, ICFT aligned)"
P015,Gobro (Epinephelus diacanthus) 362,50,low,"estimated (food-group based, ICFT aligned)"
P016,Guitar fish (Rhinobatus prahli),50,low,"estimated (food-group based, ICFT aligned)"
P017,Hilsa (Tenualosa ilisha),50,low,"estimated (food-group based, ICFT aligned)"
P018,Jallal (Arius sp.),50,low,"estimated (food-group based, ICFT aligned)"
P019,Jathi vela meen (Lethrinus lentjan),50,low,"estimated (food-group based, ICFT aligned)"
P020,Kadal bral (Synodus indicus),50,low,"estimated (food-group based, ICFT aligned)"
P021,Kadali (Nemipterus mesoprion),50,low,"estimated (food-group based, ICFT aligned)"
P022,Kalamaara (Leptomelanosoma indicum),50,low,"estimated (food-group based, ICFT aligned)"
P023,Kalava (Epinephelus coioides),50,low,"estimated (food-group based, ICFT aligned)"
P024,Kanamayya  (Lutjanus rivulatus),50,low,"estimated (food-group based, ICFT aligned)"
P025,Kannadi paarai  (Alectis indicus),50,low,"estimated (food-group based, ICFT aligned)"
P026,Karimeen  (Etroplus suratensis),50,low,"estimated (food-group based, ICFT aligned)"
P027,Karnagawala  (Anchoa hepsetus),50,low,"estimated (food-group based, ICFT aligned)"
P028,Kayrai (Thunnus albacores),50,low,"estimated (food-group based, ICFT aligned)"
P029,Kiriyan (Atule mate),50,low,"estimated (food-group based, ICFT aligned)"
P030,Kite fish (Mobula kuhlii),50,low,"estimated (food-group based, ICFT aligned)"
P031,Korka (Terapon jarbua),50,low,"estimated (food-group based, ICFT aligned)"
P032,Kulam paarai (Carangoides fulvoguttatus),50,low,"estimated (food-group based, ICFT aligned)"
P033,Maagaa (Polynemus plebeius),50,low,"estimated (food-group based, ICFT aligned)"
P034,Mackerel (Rastrelliger kanagurta),50,low,"estimated (food-group based, ICFT aligned)"
P035,Manda clathi (Naso reticulatus),50,low,"estimated (food-group based, ICFT aligned)"
P036,Matha (Acanthurus mata),50,low,"estimated (food-group based, ICFT aligned)"
P037,Milk fish (Chanos chanos),50,low,"estimated (food-group based, ICFT aligned)"
P038,Moon fish (Mene maculata),50,low,"estimated (food-group based, ICFT aligned)"
P039,Mullet (Mugil cephalus),50,low,"estimated (food-group based, ICFT aligned)"
P040,Mural (Tylosurus  crocodilus),50,low,"estimated (food-group based, ICFT aligned)"
P041,Myil meen (Istiophorus platypterus),50,low,"estimated (food-group based, ICFT aligned)"
P042,Nalla bontha (Epinephelus sp.),50,low,"estimated (food-group based, ICFT aligned)"
P043,Narba (Caranx sexfasciatus),50,low,"estimated (food-group based, ICFT aligned)"
P044,Paarai (Caranx heberi),50,low,"estimated (food-group based, ICFT aligned)"
P045,Padayappa  (Canthidermis maculata),50,low,"estimated (food-group based, ICFT aligned)"
P046,Pali kora (Panna microdon),50,low,"estimated (food-group based, ICFT aligned)"
P047,Pambada (Lepturacanthus savala),50,low,"estimated (food-group based, ICFT aligned)"
P048,Pandukopa (Pseudosciaena manchurica),50,low,"estimated (food-group based, ICFT aligned)"
P049,Parava (Lactarius lactarius),50,low,"estimated (food-group based, ICFT aligned)"
P050,Parcus (Psettodes erumei),50,low,"estimated (food-group based, ICFT aligned)"
P051,Parrot fish  (Scarus ghobban),50,low,"estimated (food-group based, ICFT aligned)"
P052,Perinkilichai (Pinjalo pinjalo),50,low,"estimated (food-group based, ICFT aligned)"
P053,Phopat (Coryphaena hippurus),50,low,"estimated (food-group based, ICFT aligned)"
P054,Piranha (Pygopritis sp.),50,low,"estimated (food-group based, ICFT aligned)"
P055,"Pomfret, black  (Parastromateus niger)",50,low,"estimated (food-group based, ICFT aligned)"
P056,"Pomfret, snub nose (Trachinotus blochii)",50,low,"estimated (food-group based, ICFT aligned)"
P057,"Pomfret, white (Pampus argenteus)",50,low,"estimated (food-group based, ICFT aligned)"
P058,Pranel (Gerres sp.),50,low,"estimated (food-group based, ICFT aligned)"
P059,Pulli paarai (Gnathanodon speciosus) 399,50,low,"estimated (food-group based, ICFT aligned)"
P060,Queen fish (Scomberoides commersonianus) 400ï¿½12,50,low,"estimated (food-group based, ICFT aligned)"
P061,Raai fish (Lobotes surinamensis),50,low,"estimated (food-group based, ICFT aligned)"
P062,Raai vanthu (Epinephelus chlorostigma),50,low,"estimated (food-group based, ICFT aligned)"
P063,Rani (Pink perch),50,low,"estimated (food-group based, ICFT aligned)"
P064,"Ray fish, bow head, spotted (Rhina ancylostoma)",50,low,"estimated (food-group based, ICFT aligned)"
P065,Red snapper (Lutjanus argentimaculatus),50,low,"estimated (food-group based, ICFT aligned)"
P066,"Red snapper, small (Priacanthus hamrur)",50,low,"estimated (food-group based, ICFT aligned)"
P067,Sadaya (Platax orbicularis ),50,low,"estimated (food-group based, ICFT aligned)"
P068,Salmon (Salmo salar),50,low,"estimated (food-group based, ICFT aligned)"
P069,Sangada (Nemipterus japanicus),50,low,"estimated (food-group based, ICFT aligned)"
P070,Sankata paarai  (Caranx ignobilis),50,low,"estimated (food-group based, ICFT aligned)"
P071,Sardine (Sardinella longiceps),50,low,"estimated (food-group based, ICFT aligned)"
P072,Shark (Carcharhinus sorrah),50,low,"estimated (food-group based, ICFT aligned)"
P073,"Shark, hammer head  (Sphyrna mokarran)",50,low,"estimated (food-group based, ICFT aligned)"
P074,"Shark, spotted  (Stegostoma fasciatum)",50,low,"estimated (food-group based, ICFT aligned)"
P075,Shelavu (Sphyraena jello),50,low,"estimated (food-group based, ICFT aligned)"
P076,Silan (Silonia silondia),50,low,"estimated (food-group based, ICFT aligned)"
P077,Silk fish (Beryx sp.),50,low,"estimated (food-group based, ICFT aligned)"
P078,Silver carp  (Hypophthalmichthys molitrix),50,low,"estimated (food-group based, ICFT aligned)"
P079,Sole fish (Cynoglossus arel),50,low,"estimated (food-group based, ICFT aligned)"
P080,Stingray (Dasyatis pastinaca),50,low,"estimated (food-group based, ICFT aligned)"
P081,Tarlava (Drepane punctata) 414,50,low,"estimated (food-group based, ICFT aligned)"
P082,Tholam (Plectorhinchus schotaf),50,low,"estimated (food-group based, ICFT aligned)"
P083,Tilapia (Oreochromis niloticus),50,low,"estimated (food-group based, ICFT aligned)"
P084,Tuna (Euthynnus affinis),50,low,"estimated (food-group based, ICFT aligned)"
P085,"Tuna, striped (Katsuwonus pelamis)",50,low,"estimated (food-group based, ICFT aligned)"
P086,Valava (Chirocentrus nudus),50,low,"estimated (food-group based, ICFT aligned)"
P087,Vanjaram (Scomberomorus commerson ),50,low,"estimated (food-group based, ICFT aligned)"
P088,Vela meen (Aprion virescens),50,low,"estimated (food-group based, ICFT aligned)"
P089,Vora (Siganus javus),50,low,"estimated (food-group based, ICFT aligned)"
P090,Whale shark  (Galeocerdo cuvier),50,low,"estimated (food-group based, ICFT aligned)"
P091,Xiphinis (Xiphias gladius),50,low,"estimated (food-group based, ICFT aligned)"
P092,"EZ.ggs, Cat fish (Ompok bimaculatus)",50,low,"estimated (food-group based, ICFT aligned)"
Q001,Crab (Menippe mercenaria),50,low,"estimated (food-group based, ICFT aligned)"
Q002,"Crab, sea (Portunus sanguinolentus)",50,low,"estimated (food-group based, ICFT aligned)"
Q003,"Lobster, brown  (Thenus orientalis)",50,low,"estimated (food-group based, ICFT aligned)"
Q004,"Lobster, king size  (Thenus orientalis)",50,low,"estimated (food-group based, ICFT aligned)"
Q005,Mud crab (Scylla tranquebarica),50,low,"estimated (food-group based, ICFT aligned)"
Q006,Oyster (Crassostrea sp.),50,low,"estimated (food-group based, ICFT aligned)"
Q007,"Tiger prawns, brown  (Solenocera crassicornis)",50,low,"estimated (food-group based, ICFT aligned)"
Q008,"Tiger Prawns, orange (Penaeus monodon)",50,low,"estimated (food-group based, ICFT aligned)"
R001,"Clam, green shell (Perna viridis )",50,low,"estimated (food-group based, ICFT aligned)"
R002,"Clam, white shell, ribbed (Meretrix meretrix)",50,low,"estimated (food-group based, ICFT aligned)"
R003,Octopus (Octopus vulgaris),50,low,"estimated (food-group based, ICFT aligned)"
R004,"Squid, black (Loligo sp.)",50,low,"estimated (food-group based, ICFT aligned)"
R005,"Squid, hard shell (Sepia pharaonis)",50,low,"estimated (food-group based, ICFT aligned)"
R006,"Squid, red  (Loligo duvaucelii)",50,low,"estimated (food-group based, ICFT aligned)"
R007,"Squid, white, small  (Uroteuthis duvauceli )",50,low,"estimated (food-group based, ICFT aligned)"
S001,Cat fish (Tandanus tandanus),50,low,"estimated (food-group based, ICFT aligned)"
S002,Catla (Catla catla),50,low,"estimated (food-group based, ICFT aligned)"
S003,Freshwater Eel  (Anguilla anguilla),50,low,"estimated (food-group based, ICFT aligned)"
S004,Gold fish (Carassius auratus),50,low,"estimated (food-group based, ICFT aligned)"
S005,Pangas  (Pangasianodon hypophthalmus),50,low,"estimated (food-group based, ICFT aligned)"
S006,Rohu (Labeo rohita),50,low,"estimated (food-group based, ICFT aligned)"
S007,Crab (Pachygrapsus sp.),50,low,"estimated (food-group based, ICFT aligned)"
S008,"Prawns, big (Macrobrachium rosenbergii)",50,low,"estimated (food-group based, ICFT aligned)"
S009,"Prawns, small  (Macrobrachium sp.)",50,low,"estimated (food-group based, ICFT aligned)"
S010,Tiger prawns (Macrobrachium sp.),50,low,"estimated (food-group based, ICFT aligned)"
